"","p_val","avg_log2FC","pct.1","pct.2","p_val_adj","gene"
"Acly",1.7868590944828e-137,2.23966321587224,0.969,0.488,4.12442816188519e-133,"Acly"
"Acaca",7.97769404285619e-126,1.23352381989609,1,0.986,1.84141133897207e-121,"Acaca"
"Ttc25",6.58443637061214e-97,2.97911726160896,0.557,0.109,1.51981960306469e-92,"Ttc25"
"Aacs",1.66271726860495e-90,1.70657033994439,0.904,0.438,3.83788399939394e-86,"Aacs"
"Fasn",1.24509290811957e-88,1.44025605165256,0.951,0.657,2.87392345052159e-84,"Fasn"
"Fam13a",1.46323832012148e-84,1.20702714316578,0.997,0.915,3.3774466905044e-80,"Fam13a"
"Pygl",1.29872741128939e-68,1.4504522455873,0.898,0.539,2.99772261073818e-64,"Pygl"
"Pnpla3",1.11577561018181e-63,1.4270007197003,0.893,0.582,2.57543326342166e-59,"Pnpla3"
"Nr4a1",9.56894595157681e-57,-2.99106974099565,0.195,0.609,2.20870410454296e-52,"Nr4a1"
"Acsl1",5.12841064972273e-56,-0.723086266651834,0.995,0.997,1.183739746169e-51,"Acsl1"
"Adipor2",2.71541511829622e-54,0.490404649066674,1,0.999,6.26772117605133e-50,"Adipor2"
"Gk",4.99602371954208e-54,-0.87340229946158,0.977,0.993,1.1531821949447e-49,"Gk"
"Adcy3",1.47621287905468e-52,-1.50290724204228,0.612,0.834,3.40739456743401e-48,"Adcy3"
"Ank",1.87144513110108e-51,1.15282640330561,0.888,0.627,4.3196696516075e-47,"Ank"
"Gnas",3.62830367551777e-51,-1.15010855531523,0.932,0.968,8.37485054383012e-47,"Gnas"
"Ucp1",9.3023506616948e-48,-0.960266637394395,0.88,0.954,2.14716857973239e-43,"Ucp1"
"Mapkapk2",8.81280824068116e-46,-1.67586083395094,0.445,0.725,2.03417239811402e-41,"Mapkapk2"
"Irs2",7.84777852647881e-45,-2.71537153113994,0.146,0.531,1.81142423948184e-40,"Irs2"
"Thrsp",2.00200498018972e-42,0.857587250522879,0.938,0.718,4.6210278952739e-38,"Thrsp"
"Noct",4.99169070278637e-41,-1.28552386195653,0.635,0.817,1.15218204801715e-36,"Noct"
"Gbe1",1.68965428022904e-40,0.574391429299427,0.992,0.969,3.90006000962467e-36,"Gbe1"
"Snrk",1.71783084898854e-40,-1.13166220869295,0.74,0.877,3.96509716563534e-36,"Snrk"
"Ppp1r3b",6.75340005599848e-40,1.03421019517858,0.867,0.589,1.55881980092557e-35,"Ppp1r3b"
"Tkt",8.54105488751144e-40,0.748291865789379,0.984,0.905,1.97144628913539e-35,"Tkt"
"Pde4d",3.19106475319538e-38,-0.60897560249825,0.99,0.996,7.36561566332558e-34,"Pde4d"
"Mlxipl",3.3830800418152e-38,0.585851727709574,1,0.965,7.80882535251784e-34,"Mlxipl"
"Pck1",5.18190131111891e-38,-0.83387098430534,0.898,0.96,1.19608646063247e-33,"Pck1"
"Lpl",5.43534104157696e-38,-0.620417873391418,0.997,0.996,1.25458541921679e-33,"Lpl"
"Dusp10",7.52826707924624e-38,-2.06895646639465,0.315,0.604,1.73767460723162e-33,"Dusp10"
"BB365896",2.21959226581889e-37,1.47364352956959,0.576,0.262,5.12326286796315e-33,"BB365896"
"Ppargc1a",1.02574503459387e-34,-1.00459253202101,0.94,0.968,2.36762468884956e-30,"Ppargc1a"
"Tmem120b",1.96264106712147e-34,1.04658732101761,0.807,0.541,4.53016811112977e-30,"Tmem120b"
"Pik3r1",1.20897357448436e-33,0.800175980656966,0.943,0.784,2.7905528046248e-29,"Pik3r1"
"Acacb",3.15227559730687e-32,0.389838721383083,0.997,0.999,7.27608253370371e-28,"Acacb"
"Sik1",3.96828839374099e-32,-2.40869447324824,0.154,0.459,9.15960327043295e-28,"Sik1"
"Slc1a5",9.28104027462514e-32,0.579587975107836,0.984,0.932,2.14224971618898e-27,"Slc1a5"
"Acox1",1.28582418546774e-30,-0.722478834746127,0.927,0.969,2.96793938489665e-26,"Acox1"
"Dio2",1.02191651807842e-29,-2.49277820902577,0.19,0.473,2.35878770702861e-25,"Dio2"
"Ralgapa2",2.24910094033906e-27,0.414827960511194,0.997,0.984,5.19137479049063e-23,"Ralgapa2"
"Gpd1",1.1364938976031e-26,0.496765873571201,0.992,0.954,2.62325521444747e-22,"Gpd1"
"Pmepa1",1.73041551149291e-26,-0.818808708682977,0.711,0.855,3.99414508362794e-22,"Pmepa1"
"Pdk4",4.43742168586586e-24,-0.601979091209583,0.927,0.967,1.02424567353156e-19,"Pdk4"
"Coq10b",2.44629839627003e-23,-1.53395586923206,0.281,0.523,5.64654595827049e-19,"Coq10b"
"Cish",4.61879239581441e-23,1.0219406297431,0.617,0.347,1.06610966080188e-18,"Cish"
"Ffar4",6.25299798430834e-23,-1.90882168974623,0.224,0.463,1.44331699473805e-18,"Ffar4"
"Gm20721",1.94497298374725e-21,-1.52019617904395,0.247,0.482,4.4893866410854e-17,"Gm20721"
"Ebf1",7.74825863908003e-21,0.426877264774665,1,0.991,1.78845305907245e-16,"Ebf1"
"Nr4a2",8.82613937631221e-21,-1.86790062597756,0.198,0.431,2.03724949084038e-16,"Nr4a2"
"Gpat4",2.24303539679363e-20,-0.78444602727971,0.755,0.831,5.17737430287907e-16,"Gpat4"
"Ldlr",2.7327898124859e-20,1.61558347473318,0.279,0.104,6.30782544517995e-16,"Ldlr"
"St3gal5",6.57583690205537e-20,-1.41005129390361,0.331,0.529,1.51783467373242e-15,"St3gal5"
"Gmpr",6.77599728992983e-20,-2.07434458816542,0.258,0.474,1.5640356944616e-15,"Gmpr"
"Acss2",6.83737875359932e-20,0.791365798097033,0.805,0.648,1.5782037639058e-15,"Acss2"
"A530016L24Rik",8.65617459508242e-20,1.39059362472463,0.279,0.102,1.99801822003692e-15,"A530016L24Rik"
"Agl",1.02964452035957e-19,0.728478789332571,0.81,0.614,2.37662548189396e-15,"Agl"
"Cd36",1.35969165808409e-19,-0.347691458821269,1,0.997,3.1384402851897e-15,"Cd36"
"Tent5a",1.96910422867492e-19,1.33157212140407,0.297,0.115,4.54508638062744e-15,"Tent5a"
"Lncbate10",4.55775016913069e-19,-1.07345842374901,0.542,0.681,1.05201989403875e-14,"Lncbate10"
"Slc27a2",5.02320963213239e-19,-0.818195197261433,0.661,0.768,1.1594572472888e-14,"Slc27a2"
"Kcnb1",2.81035633922637e-18,1.18972906059984,0.43,0.221,6.48686450220231e-14,"Kcnb1"
"Tgfbr2",7.7969672990259e-18,0.952006934743369,0.529,0.301,1.79969599196116e-13,"Tgfbr2"
"Picalm",1.21172291997882e-17,-0.701155954678094,0.82,0.858,2.7968988438951e-13,"Picalm"
"Adra1a",3.6040732830938e-17,-0.458964450888086,0.958,0.971,8.31892195203711e-13,"Adra1a"
"Arhgap24",3.88000652381011e-17,0.389581596505839,0.995,0.962,8.9558310582585e-13,"Arhgap24"
"Eno1",4.21489209802823e-17,0.810957022209222,0.622,0.4,9.72881394066877e-13,"Eno1"
"Dcaf6",4.95960439273634e-17,0.47175775348231,0.956,0.88,1.1447758859314e-12,"Dcaf6"
"Ptger3",7.71559737059808e-17,1.2043540375921,0.37,0.179,1.78091418508145e-12,"Ptger3"
"Mmd",1.25656274647305e-16,-1.14132505806572,0.401,0.572,2.90039813140909e-12,"Mmd"
"Hk2",1.63263159701704e-16,0.528489574174642,0.948,0.864,3.76844025223473e-12,"Hk2"
"Tmed5",2.18166327108314e-16,-0.642780113929413,0.688,0.802,5.03571516231411e-12,"Tmed5"
"Atxn1",2.31437749450056e-16,-0.636613404190193,0.867,0.909,5.34204613280618e-12,"Atxn1"
"Steap4",3.01212844148978e-16,1.6306504828943,0.315,0.145,6.95259486864671e-12,"Steap4"
"Ddhd2",3.38199157719351e-16,-0.500472174442319,0.919,0.947,7.80631295847807e-12,"Ddhd2"
"Adamtsl3",4.18488686461863e-16,-1.96272204668848,0.112,0.307,9.65955586091272e-12,"Adamtsl3"
"Ampd3",7.86057690030434e-16,1.07189442508756,0.388,0.202,1.81437836012825e-11,"Ampd3"
"Abcd3",1.05699883660799e-15,-0.45895320469467,0.927,0.945,2.43976471465856e-11,"Abcd3"
"Sc5d",1.09178931489901e-15,0.962384259563282,0.388,0.194,2.5200680966499e-11,"Sc5d"
"Klhl2",1.16936240340118e-15,0.814776955735486,0.669,0.486,2.69912229953061e-11,"Klhl2"
"Dhrs9",1.91281148766006e-15,-1.52370864889703,0.193,0.387,4.41515147581695e-11,"Dhrs9"
"Acsl5",6.29685969995994e-15,0.910284686558039,0.583,0.386,1.45344115594475e-10,"Acsl5"
"Ppara",1.03740398041433e-14,-0.301441873275985,0.995,0.996,2.39453586759235e-10,"Ppara"
"Acadl",1.65859415750101e-14,-0.545569556545489,0.815,0.86,3.82836703434384e-10,"Acadl"
"Lama4",2.11186770878161e-14,0.500825367109167,0.924,0.799,4.87461304540972e-10,"Lama4"
"Nrg4",2.42012416126677e-14,-0.282114221802797,0.995,0.999,5.58613058903596e-10,"Nrg4"
"Nfyc",3.16048806525102e-14,0.413312603991475,0.94,0.883,7.2950385522124e-10,"Nfyc"
"Slc12a2",3.44795884109999e-14,-1.0743400969247,0.513,0.636,7.95857859702699e-10,"Slc12a2"
"Ehhadh",1.06792875912665e-13,-1.12416227641407,0.461,0.595,2.46499316181613e-09,"Ehhadh"
"Prkce",1.48589981260197e-13,0.308677605777268,0.99,0.977,3.42975394744787e-09,"Prkce"
"Me1",2.03843860803743e-13,0.762725766318907,0.638,0.449,4.70512399507199e-09,"Me1"
"Srebf1",2.12342654146933e-13,0.851081347700884,0.495,0.303,4.9012931430195e-09,"Srebf1"
"Lpin1",2.92935512753021e-13,0.45161493828865,0.935,0.812,6.76153750536523e-09,"Lpin1"
"Luzp1",2.93640914812789e-13,0.674812683464685,0.615,0.408,6.77781959570879e-09,"Luzp1"
"Cav1",1.33974724408643e-12,-0.535096295612709,0.849,0.889,3.09240458880029e-08,"Cav1"
"Atl2",1.49196636085434e-12,-0.616895663453645,0.763,0.805,3.44375675412399e-08,"Atl2"
"Lamb1",1.59372251707255e-12,-0.92121624165996,0.411,0.555,3.67863031390687e-08,"Lamb1"
"Rasl12",1.96813178185663e-12,0.637469885233,0.643,0.455,4.54284177888148e-08,"Rasl12"
"Palmd",2.12873403782123e-12,-0.562215931852023,0.781,0.83,4.91354390609896e-08,"Palmd"
"Flvcr1",2.93281810515974e-12,0.745232249138487,0.469,0.283,6.76953075032971e-08,"Flvcr1"
"Acot11",5.65981712353535e-12,0.469747241007262,0.857,0.769,1.30639898845443e-07,"Acot11"
"Rreb1",8.84278910937249e-12,-0.346944936569764,0.966,0.97,2.04109258222536e-07,"Rreb1"
"Sorl1",1.01812853883737e-11,0.958851063284936,0.372,0.213,2.35004429334442e-07,"Sorl1"
"Trak2",1.08675897498735e-11,0.555358292890362,0.633,0.432,2.50845706606581e-07,"Trak2"
"Chpt1",1.72242715326613e-11,0.295612635147506,0.992,0.96,3.97570635516888e-07,"Chpt1"
"Sgpl1",2.34608857710964e-11,-0.778333363875905,0.552,0.661,5.41524165368446e-07,"Sgpl1"
"Slc25a20",2.81243183761002e-11,-0.452444472105133,0.841,0.864,6.49165516757145e-07,"Slc25a20"
"Vgll4",3.4987644846033e-11,-0.426389827819979,0.919,0.942,8.07584818336134e-07,"Vgll4"
"Hacd2",5.51262842957561e-11,-0.3733891759528,0.964,0.972,1.27242489411464e-06,"Hacd2"
"Dgat1",7.17076058840455e-11,-0.494213421401235,0.753,0.811,1.65515495901554e-06,"Dgat1"
"Pdhb",1.09201633409974e-10,0.553720981276588,0.651,0.467,2.52059210236903e-06,"Pdhb"
"Acat2",1.09658194630333e-10,0.842129560711249,0.451,0.284,2.53113044845735e-06,"Acat2"
"Gpi1",1.38686976108679e-10,0.621031896571056,0.56,0.377,3.20117278254054e-06,"Gpi1"
"Ripor2",1.63098863105746e-10,0.691496282911015,0.5,0.32,3.76464795820684e-06,"Ripor2"
"Zdhhc6",2.09183009552653e-10,0.82213064216942,0.487,0.319,4.82836222649433e-06,"Zdhhc6"
"Taldo1",2.26119861860577e-10,0.535181250047883,0.669,0.497,5.21929865146583e-06,"Taldo1"
"Mapk14",2.31234432773618e-10,0.594195260897215,0.633,0.457,5.33735317728066e-06,"Mapk14"
"Apmap",2.48159615150762e-10,-0.738930077592462,0.523,0.627,5.72802023690988e-06,"Apmap"
"Nabp1",2.78929016953219e-10,0.601603859085157,0.732,0.599,6.43823956931421e-06,"Nabp1"
"Dgat2",3.21904089084809e-10,0.35187483978161,0.943,0.899,7.43019018425555e-06,"Dgat2"
"Nfib",3.23297711625456e-10,0.301375334225406,0.984,0.969,7.46235777973877e-06,"Nfib"
"Gprin3",5.50801712064227e-10,1.07244235532264,0.312,0.178,1.27136051178665e-05,"Gprin3"
"Slc22a5",9.94371339415531e-10,-0.655236678720956,0.544,0.658,2.29520792563893e-05,"Slc22a5"
"Slc1a3",1.07270656838952e-09,0.3918948680119,0.917,0.865,2.47602130115669e-05,"Slc1a3"
"Gadd45g",1.35080190633869e-09,-1.23200272821902,0.167,0.312,3.11792096021096e-05,"Gadd45g"
"Il15ra",1.57956386413371e-09,0.389778623200755,0.891,0.805,3.64594931119344e-05,"Il15ra"
"Chd1",1.74785784062855e-09,-0.807924240690261,0.435,0.543,4.03440546773882e-05,"Chd1"
"Slc25a51",1.91332612876582e-09,-0.322177580883322,0.888,0.935,4.41633937041727e-05,"Slc25a51"
"Pkm",1.92711532976873e-09,0.425961098372112,0.766,0.614,4.44816760417219e-05,"Pkm"
"Slc25a17",2.18783097876446e-09,-0.64065216912886,0.464,0.601,5.04995146518413e-05,"Slc25a17"
"Cecr2",2.32606001608933e-09,0.501529822440501,0.771,0.648,5.36901172913739e-05,"Cecr2"
"Bhlhe40",2.35862583396342e-09,0.554802832352496,0.562,0.39,5.44418014995437e-05,"Bhlhe40"
"Nrp2",2.48474989466e-09,-0.479536519601461,0.716,0.795,5.73529970685422e-05,"Nrp2"
"Spsb1",2.73797691396593e-09,0.81127904693964,0.385,0.235,6.31979831281617e-05,"Spsb1"
"Stat5a",3.32635481890849e-09,0.645497056982612,0.492,0.337,7.67789219300459e-05,"Stat5a"
"Dhrs7",3.56273556365622e-09,0.951038201855721,0.292,0.164,8.22350622803129e-05,"Dhrs7"
"Net1",3.84283906581487e-09,0.893704171769797,0.341,0.207,8.87004113171389e-05,"Net1"
"Rhof",4.67660937005414e-09,0.758053087935705,0.354,0.211,0.00010794549747959,"Rhof"
"Trib1",4.76342808411238e-09,-0.939747872813058,0.25,0.392,0.000109949447037482,"Trib1"
"Slc25a42",4.80307092430606e-09,-0.389200232596739,0.885,0.899,0.000110864483074832,"Slc25a42"
"Hadhb",5.14267676347677e-09,-0.336679638662778,0.875,0.893,0.000118703265054571,"Hadhb"
"Osbpl11",8.3617284947164e-09,-0.495547078493603,0.677,0.764,0.000193005417115044,"Osbpl11"
"Scarb2",9.62160239436741e-09,-0.614378949490921,0.583,0.652,0.000222085826466789,"Scarb2"
"1700037H04Rik",1.19010267511124e-08,0.728456766472853,0.378,0.23,0.000274699499469177,"1700037H04Rik"
"Kcnk3",1.19091007952798e-08,-0.481269217904441,0.758,0.816,0.000274885864556649,"Kcnk3"
"Pcyt2",1.71946312115321e-08,0.53507984542167,0.492,0.332,0.000396886477624583,"Pcyt2"
"Strip1",2.07063474425699e-08,0.728874315311499,0.341,0.204,0.000477943911669399,"Strip1"
"Resf1",2.43250921292648e-08,0.461584780790632,0.753,0.629,0.00056147177652769,"Resf1"
"Zc3h6",2.78396497811827e-08,0.585281376897312,0.445,0.29,0.000642594796249259,"Zc3h6"
"Klf9",2.98114891480124e-08,0.493392608274433,0.648,0.492,0.000688108792514422,"Klf9"
"Tbc1d4",3.18042228574344e-08,0.417277321083707,0.807,0.682,0.0007341050719953,"Tbc1d4"
"Wwox",4.00057237625024e-08,-0.352555716173591,0.781,0.839,0.00092341211588608,"Wwox"
"Arhgap26",4.06109475389393e-08,0.303415297815298,0.953,0.901,0.000937381891093796,"Arhgap26"
"Ppa1",5.44396153542868e-08,0.617556193342997,0.505,0.358,0.00125657520160765,"Ppa1"
"Stradb",5.54841888569509e-08,0.567416100736748,0.398,0.253,0.00128068604719614,"Stradb"
"Dlat",5.57765813596015e-08,0.373266347683728,0.87,0.807,0.00128743505094232,"Dlat"
"Pnpla2",7.1634280710853e-08,0.452972829556614,0.69,0.554,0.00165346246736791,"Pnpla2"
"Ddx5",7.88535303437881e-08,0.296549712920102,0.932,0.873,0.00182009718739532,"Ddx5"
"Atp2a2",8.68128225279867e-08,-0.362827053185498,0.854,0.874,0.00200381356959099,"Atp2a2"
"Zfp652",8.73946626984942e-08,-0.50351605497222,0.664,0.739,0.00201724360440664,"Zfp652"
"Gucd1",1.32520400743142e-07,-0.589567847509437,0.711,0.723,0.0030588358899532,"Gucd1"
"Dbp",1.40084198248963e-07,0.760092522983121,0.26,0.146,0.00323342346398257,"Dbp"
"Loxl1",1.58798326568434e-07,0.736378321466433,0.359,0.231,0.0036653829738526,"Loxl1"
"Osbpl1a",1.60867519334492e-07,0.514012332483703,0.576,0.43,0.00371314408127874,"Osbpl1a"
"Lrig1",2.21463120998681e-07,0.613541413772343,0.354,0.22,0.00511181175889155,"Lrig1"
"Ebf3",2.23228078755828e-07,0.331295797282182,0.859,0.749,0.00515255051384203,"Ebf3"
"Herc3",2.32701980678733e-07,0.461210742399813,0.594,0.441,0.00537122711802651,"Herc3"
"Rhoq",2.51572286497904e-07,-0.533777067855067,0.651,0.694,0.00580679151694461,"Rhoq"
"Fabp3",2.60737006395586e-07,-0.676684537172579,0.341,0.468,0.00601833158162293,"Fabp3"
"Txnip",2.64241655959037e-07,0.257688948085158,0.951,0.912,0.0060992259028465,"Txnip"
"Ctnnd1",2.78763015308735e-07,-0.591087986453698,0.482,0.566,0.00643440791935623,"Ctnnd1"
"Parm1",3.18152857191825e-07,0.499687296952399,0.654,0.51,0.0073436042497017,"Parm1"
"Idh3a",3.26058636813203e-07,-0.401911440791658,0.734,0.797,0.00752608545492236,"Idh3a"
"Idh1",3.29281594815656e-07,0.571035646400986,0.469,0.328,0.00760047777153496,"Idh1"
"Irak2",3.3062356162359e-07,-0.7831300341261,0.37,0.486,0.00763145304939571,"Irak2"
"Gm16599",3.45845029098228e-07,0.423582515915854,0.641,0.487,0.00798279496164529,"Gm16599"
"Smc6",3.56092301929627e-07,0.495973426909593,0.49,0.342,0.00821932251313966,"Smc6"
"Macf1",4.07343800343715e-07,-0.279745438763762,0.966,0.973,0.00940230959953362,"Macf1"
"Tgoln1",4.1660413270904e-07,-0.886842151005255,0.229,0.344,0.00961605659119007,"Tgoln1"
"Fam117a",4.46210817421167e-07,-0.851824589989222,0.299,0.418,0.0102994380877154,"Fam117a"
"Fbxo21",4.56266022232521e-07,-0.901294023522685,0.323,0.425,0.0105315323251711,"Fbxo21"
"Thap2",4.74179741234014e-07,0.79622460229514,0.281,0.169,0.0109450167871635,"Thap2"
"Gm44079",4.93021958045552e-07,0.454146198328262,0.737,0.608,0.0113799328356074,"Gm44079"
"Dag1",5.74781502672915e-07,0.368725001358122,0.888,0.779,0.0132671066446962,"Dag1"
"Ndel1",5.94705195713087e-07,-0.495577579607716,0.594,0.673,0.0137269853274495,"Ndel1"
"Miga2",6.44303869571143e-07,0.351004696327514,0.781,0.653,0.0148718219174411,"Miga2"
"Elmod2",6.52734782241341e-07,-0.939088293990173,0.242,0.356,0.0150664242436946,"Elmod2"
"Cib2",6.60100222176321e-07,-1.02607588915824,0.242,0.344,0.0152364333282738,"Cib2"
"Lamc1",7.84669176717207e-07,0.400264030482304,0.646,0.492,0.0181117339369866,"Lamc1"
"Meis1",8.06982241648216e-07,0.450204413918932,0.56,0.423,0.0186267641017241,"Meis1"
"Stk38l",9.59319435239302e-07,0.469103491045703,0.362,0.233,0.0221430112041936,"Stk38l"
"Ccnl1",9.90636735715542e-07,-0.311912054487403,0.875,0.877,0.0228658771337861,"Ccnl1"
"Clic5",1.0645470557093e-06,0.63637247815492,0.383,0.257,0.0245718751398822,"Clic5"
"Tmem132b",1.14647573761285e-06,-0.980535678939892,0.203,0.319,0.0264629529755799,"Tmem132b"
"Plaat3",1.2276643115031e-06,0.404258942115411,0.469,0.321,0.0283369476381145,"Plaat3"
"Hsdl2",1.41014691241618e-06,-0.546338523737486,0.401,0.515,0.0325490110323902,"Hsdl2"
"Cmya5",1.4799042432124e-06,0.844263120999641,0.268,0.166,0.0341591497418287,"Cmya5"
"Pcx",1.48988369484451e-06,0.269502202957561,0.891,0.805,0.034389495444401,"Pcx"
"Nsd1",1.67966734849281e-06,0.265348442193703,0.93,0.855,0.0387700817379109,"Nsd1"
"Snx10",1.71601071907891e-06,0.278113687972747,0.865,0.771,0.0396089594177795,"Snx10"
"Gm15581",1.95182976272253e-06,-0.600260487454786,0.495,0.575,0.0450521345831615,"Gm15581"
"Fam162a",2.06372290862167e-06,-0.749417926166227,0.276,0.39,0.0476348521768054,"Fam162a"
"Mettl7a1",2.17793336585928e-06,0.418396222677219,0.469,0.322,0.0502710579507639,"Mettl7a1"
"Pde3b",2.40922201482468e-06,-0.253816843334506,0.99,0.987,0.0556096625461833,"Pde3b"
"Mapkapk3",2.56851688345506e-06,0.642080046491489,0.414,0.29,0.0592865067039097,"Mapkapk3"
"Myl1",2.61122261757303e-06,-0.350197310033524,0.758,0.802,0.0602722404588207,"Myl1"
"Car3",2.88730090962308e-06,0.389347288571077,0.938,0.885,0.06664467959592,"Car3"
"Slc2a4",3.13361132240251e-06,0.386512201936418,0.555,0.397,0.0723300165436948,"Slc2a4"
"Tecr",3.23781781051454e-06,0.42863813249166,0.419,0.283,0.0747353107022967,"Tecr"
"Calm2",3.39319954071549e-06,0.570727285926911,0.294,0.183,0.078321831798795,"Calm2"
"Skil",3.50139931505491e-06,-0.8572705840236,0.276,0.373,0.0808192989900974,"Skil"
"Bnip3",3.64913410429387e-06,0.27704867187325,0.682,0.531,0.0842293133953112,"Bnip3"
"Ftx",3.65126677416385e-06,0.622955064401965,0.26,0.158,0.08427853968125,"Ftx"
"Tbc1d20",4.02105474991553e-06,-0.536800371611215,0.482,0.57,0.0928139857375503,"Tbc1d20"
"Rbpms",4.0436433373868e-06,-0.371707742435292,0.815,0.835,0.093335375513562,"Rbpms"
"Nptn",4.27757690760497e-06,-0.530566266700886,0.648,0.691,0.098735030181338,"Nptn"
"Ak3",4.66717414187424e-06,0.544163143391836,0.362,0.243,0.107727713542741,"Ak3"
"Hlf",4.68494788391814e-06,0.474971960021275,0.445,0.316,0.108137967056599,"Hlf"
"Lrp6",4.87986787515833e-06,-0.41959514507595,0.688,0.715,0.112637110294405,"Lrp6"
"Nhlrc2",4.98366343790324e-06,-0.619640632956566,0.432,0.526,0.115032919473683,"Nhlrc2"
"Mid1",5.1376505951241e-06,0.405638865163117,0.721,0.634,0.118587251036655,"Mid1"
"Clec2d",5.21637596022546e-06,0.38538250346046,0.682,0.573,0.120404389913924,"Clec2d"
"Ckap5",5.32436402784867e-06,0.47532155592362,0.469,0.343,0.122896970490803,"Ckap5"
"Tspan15",5.37958888703205e-06,0.767424207277805,0.255,0.157,0.124171670690474,"Tspan15"
"Gsk3b",6.29729711724823e-06,0.322968600439357,0.836,0.741,0.145354212060324,"Gsk3b"
"Slc22a3",6.34264890293533e-06,-0.550233820801297,0.544,0.617,0.146401021977553,"Slc22a3"
"Tnrc18",6.40723022978454e-06,0.53175889411569,0.302,0.19,0.147891688163887,"Tnrc18"
"Tfrc",6.53717587515619e-06,-0.521184288798828,0.667,0.69,0.150891093550355,"Tfrc"
"Irf2",6.80315624054215e-06,0.380951572031103,0.516,0.37,0.157030452344194,"Irf2"
"Mob1b",7.33768321324377e-06,-0.635172505474424,0.435,0.508,0.169368403928093,"Mob1b"
"Ell2",7.42263817270699e-06,-0.599696081420838,0.497,0.558,0.171329334302423,"Ell2"
"Meis2",7.83623556981852e-06,0.330480647415898,0.695,0.568,0.180875989422551,"Meis2"
"Tmem164",7.99816732045196e-06,-0.451578401382082,0.565,0.638,0.184613698090672,"Tmem164"
"Zfp395",8.07732068952523e-06,-0.514494002671611,0.38,0.482,0.186440716155621,"Zfp395"
"Ndufs1",8.1022628242591e-06,0.280308492925094,0.794,0.658,0.187016430509549,"Ndufs1"
"Prkar2a",9.35698408502082e-06,-0.920512048229265,0.224,0.324,0.215977906650451,"Prkar2a"
"Tmem192",9.77465858573858e-06,0.618107629085937,0.258,0.16,0.225618669476018,"Tmem192"
"Adrb3",1.00317812058098e-05,0.485005377690006,0.667,0.563,0.231553573792501,"Adrb3"
"Klf13",1.00593936891603e-05,0.485426573160526,0.367,0.248,0.232190925133198,"Klf13"
"Ces1d",1.14636329476709e-05,-0.280806380230571,0.888,0.899,0.264603575698139,"Ces1d"
"Elmsan1",1.17355221321734e-05,0.435737725577159,0.299,0.189,0.270879321854826,"Elmsan1"
"Cabcoco1",1.21900460305781e-05,0.571201535613448,0.305,0.2,0.281370642477804,"Cabcoco1"
"Ppp2r2a",1.23302126189315e-05,-0.469229757605611,0.622,0.662,0.284605967670176,"Ppp2r2a"
"Lin52",1.29348623344115e-05,0.3247286425305,0.719,0.612,0.298562492402886,"Lin52"
"Rnf144a",1.39461856721668e-05,-0.706072067873797,0.367,0.454,0.321905857684955,"Rnf144a"
"Erlec1",1.4144496939538e-05,0.411364510780183,0.352,0.238,0.326483278358416,"Erlec1"
"Cdv3",1.43212791610337e-05,-0.808306354807075,0.247,0.342,0.330563765594979,"Cdv3"
"Aspg",1.48381370130169e-05,0.259291859828582,0.87,0.781,0.342493878534456,"Aspg"
"Piezo1",1.53603307243915e-05,-0.479232584250424,0.453,0.551,0.354547153780405,"Piezo1"
"Wdr73",1.57976077309293e-05,-0.764022705029792,0.32,0.403,0.36464038164531,"Wdr73"
"Decr1",1.60015657299848e-05,-0.407556320579289,0.56,0.629,0.369348140179509,"Decr1"
"Sdc4",1.76456017750029e-05,-1.03279626459557,0.195,0.285,0.407295780170618,"Sdc4"
"G0s2",1.88359488243325e-05,0.402295817161738,0.628,0.498,0.434771370763243,"G0s2"
"Slc25a32",1.89789040688896e-05,0.535932650442758,0.349,0.244,0.438071063718111,"Slc25a32"
"Insig1",1.90340585887983e-05,0.570875704004286,0.26,0.165,0.439344140346642,"Insig1"
"Anks1",1.91502192139028e-05,0.427050655136657,0.505,0.385,0.442025359895304,"Anks1"
"Cbfa2t2",1.95716136809377e-05,0.348868155266274,0.615,0.485,0.451751986983403,"Cbfa2t2"
"Dpf3",1.99348769093298e-05,0.32320459455725,0.766,0.657,0.46013682882115,"Dpf3"
"Fbxl20",2.0067057379821e-05,0.363930118756559,0.57,0.445,0.463187818441029,"Fbxl20"
"Cnst",2.09149463884239e-05,0.268901538298257,0.885,0.805,0.482758792537601,"Cnst"
"Aspa",2.09705946373371e-05,0.318671372939725,0.784,0.678,0.484043265419015,"Aspa"
"Dusp16",2.10294941940768e-05,-0.609622123357032,0.273,0.377,0.485402784987681,"Dusp16"
"Arhgap23",2.2444286836126e-05,0.671894934301607,0.339,0.234,0.51805902875146,"Arhgap23"
"Slc35e2",2.28364348947054e-05,0.541461983266619,0.279,0.181,0.527110590239589,"Slc35e2"
"Pigk",2.38338410352691e-05,0.489104268123193,0.294,0.191,0.55013271877608,"Pigk"
"Acaa2",2.44130029092304e-05,0.290069286747573,0.758,0.637,0.563500933150856,"Acaa2"
"Actr1a",2.47569661374421e-05,0.510531603577888,0.354,0.241,0.57144029238444,"Actr1a"
"Pan3",2.65788645998867e-05,0.264402478654166,0.857,0.77,0.613493352694584,"Pan3"
"Nav2",2.6830289419878e-05,0.299417681900112,0.833,0.746,0.619296740389624,"Nav2"
"Comt",2.78507174264627e-05,0.383494179848174,0.677,0.568,0.642850259637612,"Comt"
"Mtx2",2.89790055725747e-05,0.306046869225136,0.742,0.649,0.66889340662617,"Mtx2"
"Rif1",3.66134730359652e-05,0.452694441041652,0.391,0.277,0.845112184616148,"Rif1"
"4930556N13Rik",3.73038146187414e-05,-0.318407304393632,0.792,0.831,0.86104664902979,"4930556N13Rik"
"Lpcat3",3.80107161261285e-05,-0.516570674621735,0.388,0.479,0.877363349623298,"Lpcat3"
"Gpat3",3.84322959949913e-05,-0.977388423812649,0.18,0.268,0.887094256156389,"Gpat3"
"Abl1",3.88450770360138e-05,0.337179606304432,0.57,0.444,0.896622068145272,"Abl1"
"Kank2",3.9383807150744e-05,0.739722875992378,0.258,0.169,0.909057036653472,"Kank2"
"Etfdh",3.97141257133863e-05,-0.345416044380305,0.701,0.761,0.916681449716382,"Etfdh"
"Ctcflos",4.14628526275893e-05,-0.316977581886329,0.911,0.912,0.957045564350016,"Ctcflos"
"Pdzd2",4.34954254995364e-05,0.496821080000969,0.531,0.418,1,"Pdzd2"
"Ulk2",4.59846745269511e-05,0.348918229887864,0.615,0.496,1,"Ulk2"
"1600010M07Rik",4.79120187479025e-05,0.361205726453608,0.388,0.269,1,"1600010M07Rik"
"Mgll",4.79395552119232e-05,-0.287867942635792,0.87,0.876,1,"Mgll"
"Dennd4a",4.95736690972463e-05,0.378666188829277,0.555,0.441,1,"Dennd4a"
"Etv6",5.09061020618525e-05,0.294953314122951,0.833,0.767,1,"Etv6"
"Ahdc1",5.263725285188e-05,0.466221628228829,0.424,0.316,1,"Ahdc1"
"Clcn5",5.32503656067707e-05,0.669342910888243,0.266,0.174,1,"Clcn5"
"Tbc1d13",5.40663013968274e-05,0.499376623800344,0.307,0.207,1,"Tbc1d13"
"Cyb5b",5.63768583500997e-05,0.325655431033515,0.651,0.531,1,"Cyb5b"
"Ctdspl2",5.64426739381348e-05,0.464356501623099,0.451,0.333,1,"Ctdspl2"
"Maob",5.90353252782445e-05,0.47844258858651,0.406,0.295,1,"Maob"
"2210408F21Rik",5.9777968916092e-05,0.269934563339265,0.867,0.76,1,"2210408F21Rik"
"Rbfox1",6.06801594880528e-05,-0.58699210958425,0.536,0.604,1,"Rbfox1"
"Dusp11",6.12639247092727e-05,0.436346610258714,0.375,0.26,1,"Dusp11"
"Iqsec2",6.67969372245109e-05,0.495329888281246,0.38,0.275,1,"Iqsec2"
"Ssh2",7.25429325469977e-05,0.299285333315807,0.768,0.672,1,"Ssh2"
"Abtb2",7.63035452837769e-05,0.495083950501684,0.367,0.266,1,"Abtb2"
"Galm",7.86877409109668e-05,0.319273047922839,0.648,0.538,1,"Galm"
"Rorc",7.89013714900614e-05,0.460599427499368,0.268,0.176,1,"Rorc"
"Dnajb14",8.01351390552662e-05,0.421565940504101,0.305,0.204,1,"Dnajb14"
"Nt5m",8.23148005228662e-05,0.4897928003014,0.305,0.208,1,"Nt5m"
"Hnrnpr",8.25934654367891e-05,0.279714178990908,0.573,0.446,1,"Hnrnpr"
"Akap1",8.55159582235089e-05,-0.260765734053515,0.888,0.901,1,"Akap1"
"Raf1",8.94139166459647e-05,0.338874262532364,0.646,0.529,1,"Raf1"
"Plin2",8.97392157633324e-05,-0.29726531580536,0.823,0.86,1,"Plin2"
"Pacsin2",9.04371316178935e-05,0.516432959016563,0.302,0.206,1,"Pacsin2"
"Dhdh",9.53385080035365e-05,0.421747750392688,0.474,0.357,1,"Dhdh"
"Col4a1",9.68629680287448e-05,-0.961978598794953,0.331,0.393,1,"Col4a1"
"Tulp2",0.000100084928177719,0.456065139443775,0.292,0.194,1,"Tulp2"
"Ankrd28",0.000101048744835198,0.279961771490034,0.745,0.654,1,"Ankrd28"
"Gfm1",0.000115415304223336,0.537846707487526,0.25,0.163,1,"Gfm1"
"Dipk1a",0.000123922902399871,0.474767872229217,0.417,0.314,1,"Dipk1a"
"Chd2",0.000124175086834472,0.308613933093886,0.729,0.646,1,"Chd2"
"Lims2",0.000124547915565201,-0.697651365322129,0.198,0.287,1,"Lims2"
"Dnajc7",0.000127801954355577,0.279156836080288,0.701,0.578,1,"Dnajc7"
"Slc43a2",0.000128819151321944,0.268577563146083,0.529,0.411,1,"Slc43a2"
"Tlcd1",0.000129346195143603,0.488718719605681,0.312,0.218,1,"Tlcd1"
"Pi4ka",0.00013025523442458,0.327788823886553,0.615,0.495,1,"Pi4ka"
"Pdss1",0.000132295966305303,0.499932311570176,0.388,0.288,1,"Pdss1"
"Adtrp",0.000144678710264939,-0.301261159264542,0.768,0.814,1,"Adtrp"
"Wasf2",0.000148723174473339,0.350731534585549,0.471,0.362,1,"Wasf2"
"Ldlrad4",0.000155074501991614,0.281483367193582,0.815,0.747,1,"Ldlrad4"
"Cnnm2",0.000164475907244597,-0.267743179703458,0.786,0.827,1,"Cnnm2"
"Ppp1r15b",0.000164627356988911,-0.719328431484836,0.271,0.348,1,"Ppp1r15b"
"Stt3b",0.000167120956781912,-0.650964058390323,0.339,0.414,1,"Stt3b"
"Arf4",0.000167414432439606,-0.543277566712429,0.318,0.411,1,"Arf4"
"Plekhm1",0.00016853512756821,0.541374161356609,0.268,0.181,1,"Plekhm1"
"Gm11266",0.00017034101758903,0.403337552660455,0.448,0.342,1,"Gm11266"
"Slc6a6",0.000170767240031313,0.27021013577083,0.695,0.565,1,"Slc6a6"
"Derl1",0.000175925140001744,0.368856442182501,0.409,0.298,1,"Derl1"
"Pum2",0.000176673983521523,0.269102813846197,0.719,0.595,1,"Pum2"
"Ackr3",0.000180321016941543,-0.48384921979869,0.513,0.579,1,"Ackr3"
"Aopep",0.0001839790607176,0.271480476086911,0.648,0.529,1,"Aopep"
"Shld2",0.000184715095185713,0.29361188980023,0.477,0.355,1,"Shld2"
"Ubac1",0.000189377133316183,0.341608299499898,0.518,0.393,1,"Ubac1"
"Nudt13",0.000190034049746485,0.352902832711252,0.56,0.439,1,"Nudt13"
"Slc3a2",0.000193033222420974,-0.684487990477417,0.188,0.271,1,"Slc3a2"
"Phip",0.000193701520719987,0.32992520020266,0.477,0.372,1,"Phip"
"Zmym6",0.000204706852347985,0.364339496023567,0.346,0.245,1,"Zmym6"
"Klb",0.00020858859854289,-0.632873392406393,0.255,0.341,1,"Klb"
"Dpy19l1",0.000229997876794434,0.434284445180241,0.331,0.236,1,"Dpy19l1"
"Pex3",0.000234559099946122,-0.557812695989124,0.367,0.442,1,"Pex3"
"Flot2",0.000236737606355243,0.301436123542736,0.406,0.292,1,"Flot2"
"Wtap",0.000237499974169976,0.337007812098687,0.411,0.298,1,"Wtap"
"Ube2q2",0.000241036107007918,-0.297659086834039,0.677,0.726,1,"Ube2q2"
"Srpk2",0.000241052131260514,0.303802080605905,0.703,0.612,1,"Srpk2"
"Pptc7",0.000251421134516737,0.314414342277532,0.552,0.438,1,"Pptc7"
"Braf",0.000263328337156049,-0.347854466887112,0.607,0.661,1,"Braf"
"Pten",0.000268182777830634,0.255107224477562,0.846,0.8,1,"Pten"
"Cab39",0.000271602186382405,-0.393542323450703,0.544,0.595,1,"Cab39"
"Ghr",0.00028595706785975,-0.289595528154991,0.987,0.977,1,"Ghr"
"Rnmt",0.000297996906775095,-0.679770080270212,0.294,0.376,1,"Rnmt"
"Rnf14",0.00029868951420695,0.32253017545461,0.388,0.278,1,"Rnf14"
"Rps6ka3",0.000301465194884848,0.277315167624629,0.654,0.535,1,"Rps6ka3"
"Dagla",0.000304499590237765,-0.614874810971306,0.365,0.428,1,"Dagla"
"Zmym2",0.000309214437477629,0.279016246931455,0.661,0.553,1,"Zmym2"
"Spop",0.000313695591091573,-0.354033908864012,0.698,0.721,1,"Spop"
"Limd1",0.000316763175521081,0.48521413482861,0.318,0.223,1,"Limd1"
"Ppp2r1b",0.000318335295799905,-0.551587779227415,0.344,0.409,1,"Ppp2r1b"
"Secisbp2l",0.00034125224806099,0.286031602794274,0.43,0.32,1,"Secisbp2l"
"Map2k2",0.000345199720046929,0.374813662440942,0.271,0.183,1,"Map2k2"
"Pfkfb2",0.000345665566391188,0.510456526950704,0.263,0.181,1,"Pfkfb2"
"Ndufs3",0.000352401437744746,0.264720650325015,0.596,0.47,1,"Ndufs3"
"Rnf152",0.000363688286234445,-0.252946614780049,0.883,0.899,1,"Rnf152"
"Crebrf",0.000371739866709681,0.269287703207528,0.688,0.602,1,"Crebrf"
"Mpc1",0.000382572783530095,0.261417733933799,0.943,0.896,1,"Mpc1"
"Etf1",0.000383130491692887,-0.547056466103005,0.383,0.447,1,"Etf1"
"Dcakd",0.000399589508517906,0.369302657778586,0.354,0.256,1,"Dcakd"
"Asph",0.000404796102432634,0.485369297946022,0.375,0.287,1,"Asph"
"Notch2",0.000421605914078859,0.478574567825936,0.305,0.222,1,"Notch2"
"Ric8b",0.00042350694289141,0.256565316815995,0.698,0.63,1,"Ric8b"
"Ggact",0.000436181169888584,0.328461846874204,0.479,0.379,1,"Ggact"
"Ccm2",0.000436184564791325,-0.746652668726451,0.219,0.294,1,"Ccm2"
"Tfeb",0.000452263093871706,0.387994117761823,0.346,0.252,1,"Tfeb"
"Pdzrn3",0.000470343509195053,-0.555388389601712,0.341,0.42,1,"Pdzrn3"
"Atp6v0d1",0.000475553465357072,-0.615048396511058,0.307,0.376,1,"Atp6v0d1"
"Raph1",0.000489866102570011,-0.336361953303498,0.633,0.667,1,"Raph1"
"Myo18a",0.000498928694450842,0.360780562875548,0.362,0.264,1,"Myo18a"
"4930481A15Rik",0.000499675427586579,0.458269777539056,0.32,0.23,1,"4930481A15Rik"
"Abcb7",0.000502016844048133,0.284403056482451,0.586,0.485,1,"Abcb7"
"Trp53inp2",0.000518282612820168,-0.513020640631994,0.32,0.4,1,"Trp53inp2"
"Tet3",0.000518583978012643,0.378036624273075,0.536,0.424,1,"Tet3"
"Hip1r",0.000535402231416878,-0.698342105135545,0.273,0.341,1,"Hip1r"
"Ephx2",0.00055313184606905,-0.348969639415892,0.664,0.69,1,"Ephx2"
"Shtn1",0.000560913240083027,-0.513535281571225,0.469,0.515,1,"Shtn1"
"Sh3bgrl",0.000565616586420364,-0.470055180497224,0.562,0.598,1,"Sh3bgrl"
"Gja1",0.000572673142880695,-0.519476843656304,0.466,0.526,1,"Gja1"
"Odr4",0.000582516115782763,0.407362937034261,0.315,0.225,1,"Odr4"
"Ghitm",0.000607343506655975,-0.550061065697122,0.242,0.319,1,"Ghitm"
"Nectin2",0.000612525105805867,-0.765090082245186,0.279,0.342,1,"Nectin2"
"Xpot",0.000633630483206302,0.43176390723702,0.299,0.213,1,"Xpot"
"Dnajc11",0.000638038173520916,0.324201854735045,0.576,0.483,1,"Dnajc11"
"Scfd2",0.000638120081713432,0.269306877998013,0.589,0.479,1,"Scfd2"
"Nnmt",0.000651519819728718,-0.776014950021136,0.245,0.314,1,"Nnmt"
"Aox1",0.000671539972967904,0.257698036946206,0.591,0.496,1,"Aox1"
"Dcaf13",0.000706013267129578,0.408493383933133,0.258,0.177,1,"Dcaf13"
"Ankrd9",0.00071993514924874,-0.600048210423623,0.273,0.353,1,"Ankrd9"
"Magi3",0.000722333567171854,0.275901788536417,0.5,0.39,1,"Magi3"
"Pex7",0.000755317313273857,0.28024154309469,0.456,0.343,1,"Pex7"
"Tspan12",0.000768763224771523,-0.268371674191305,0.789,0.806,1,"Tspan12"
"Mcur1",0.000770145350245669,0.401087306428431,0.427,0.329,1,"Mcur1"
"Aff4",0.00077089416016549,-0.373717595670463,0.617,0.639,1,"Aff4"
"Mmut",0.000777785536911671,0.414955164636864,0.255,0.175,1,"Mmut"
"Lars2",0.000779627961293571,0.338424091225491,0.466,0.354,1,"Lars2"
"Gm37494",0.000834737751385852,0.30318069476571,0.422,0.319,1,"Gm37494"
"Naa30",0.000836380113797297,-0.412768141670245,0.414,0.475,1,"Naa30"
"Mccc1",0.000849653473039071,0.334983546399089,0.401,0.307,1,"Mccc1"
"Ern1",0.000860988334742104,0.27009635735612,0.354,0.257,1,"Ern1"
"Farp1",0.000863697017881007,0.404244156559459,0.273,0.191,1,"Farp1"
"Man1a2",0.000882209755069401,0.396837184524434,0.32,0.233,1,"Man1a2"
"Armc1",0.00088646463308966,0.337458098649969,0.312,0.222,1,"Armc1"
"Tmeff1",0.000945911150864691,-0.411162859601112,0.521,0.574,1,"Tmeff1"
"Eda",0.000960900277816557,0.374820931648792,0.732,0.668,1,"Eda"
"Limch1",0.000965977477228545,-0.538774191928816,0.232,0.311,1,"Limch1"
"Sugct",0.000976476478283202,-0.628487566955101,0.396,0.441,1,"Sugct"
"Hectd4",0.000995944429777063,0.330086817864548,0.484,0.385,1,"Hectd4"
"Zcchc14",0.000997311837587891,0.276846998120726,0.312,0.221,1,"Zcchc14"
"St7l",0.00101593231032359,0.329524442081575,0.583,0.498,1,"St7l"
"Znrf2",0.00102584215434733,0.350009771443953,0.388,0.297,1,"Znrf2"
"Ssbp3",0.00105288941140286,0.330438848587722,0.38,0.285,1,"Ssbp3"
"Eif1",0.00105673080724389,-0.585434771673899,0.211,0.287,1,"Eif1"
"Mxd4",0.00106058054750798,0.432103182528356,0.315,0.232,1,"Mxd4"
"Kdm7a",0.00108697777944083,0.250206634763102,0.484,0.386,1,"Kdm7a"
"Ext1",0.00110295897125829,-0.294111632203228,0.786,0.78,1,"Ext1"
"Ube2w",0.00113881386015508,-0.347083549109837,0.581,0.632,1,"Ube2w"
"Hira",0.00114740827534125,0.272766336284443,0.391,0.291,1,"Hira"
"Gpc4",0.00116735197178055,0.279174150337054,0.302,0.214,1,"Gpc4"
"BC005537",0.00118374808211027,-0.511732947222009,0.359,0.423,1,"BC005537"
"Actr2",0.00120324146956024,0.432428609103527,0.312,0.233,1,"Actr2"
"Tysnd1",0.00120788284946043,-0.665886501491677,0.219,0.285,1,"Tysnd1"
"Inca1",0.00123866478653946,-0.430696148452194,0.513,0.558,1,"Inca1"
"Camkk2",0.00130234190856568,0.430997311718226,0.299,0.218,1,"Camkk2"
"Nf2",0.00131931246033935,0.321235156262001,0.521,0.422,1,"Nf2"
"Khdrbs1",0.00136526334283437,0.331191412292599,0.471,0.376,1,"Khdrbs1"
"Ctsz",0.00139806786896802,-0.382508340738244,0.417,0.487,1,"Ctsz"
"B4galt1",0.00142112025972971,-0.288391641200757,0.82,0.848,1,"B4galt1"
"Scarf1",0.00143129952043026,0.353014034898267,0.578,0.483,1,"Scarf1"
"Elf1",0.00145019588529395,0.319437663082574,0.523,0.44,1,"Elf1"
"Zbtb38",0.00148248119068947,-0.544597254376125,0.401,0.452,1,"Zbtb38"
"Ccz1",0.00148852653161169,0.612883408229222,0.263,0.191,1,"Ccz1"
"Armc8",0.00148925407867604,0.362169929802678,0.445,0.346,1,"Armc8"
"Mroh1",0.00149079654466574,0.38829964551571,0.263,0.186,1,"Mroh1"
"Htt",0.0014999240432861,0.263594950650668,0.424,0.33,1,"Htt"
"Usp33",0.001570198475503,-0.275195878941305,0.734,0.755,1,"Usp33"
"Zmiz1",0.00158042771849377,0.335531052769152,0.487,0.387,1,"Zmiz1"
"Kansl2",0.00158244809293356,0.361477303847069,0.359,0.274,1,"Kansl2"
"Rbl2",0.00161000988482512,0.318268089220852,0.372,0.28,1,"Rbl2"
"Zc3h7a",0.00163559325788254,0.389326063735908,0.365,0.284,1,"Zc3h7a"
"Iars2",0.00165708249892496,0.33416958153986,0.516,0.42,1,"Iars2"
"Cntnap1",0.00172796102410881,0.382417240335201,0.346,0.264,1,"Cntnap1"
"Tnip1",0.0017374992954151,0.252475868071407,0.263,0.181,1,"Tnip1"
"March3",0.00174055767374756,-0.309283341638005,0.654,0.697,1,"March3"
"Khdrbs3",0.00177402998534601,-0.393269558697584,0.513,0.548,1,"Khdrbs3"
"Ibtk",0.00177512168775981,0.391208963806822,0.266,0.19,1,"Ibtk"
"Pts",0.00178475752565932,0.414906244072027,0.378,0.293,1,"Pts"
"Prkaa2",0.0018186683175994,0.261440835344636,0.409,0.31,1,"Prkaa2"
"Gstz1",0.00183152913994246,0.295214419697184,0.484,0.391,1,"Gstz1"
"Orc5",0.00183774915845203,0.455081406958724,0.25,0.176,1,"Orc5"
"Sdhb",0.00183972034709354,0.266621385305266,0.555,0.446,1,"Sdhb"
"Hagh",0.00184055186279966,0.382430874385092,0.253,0.182,1,"Hagh"
"Dpp8",0.00184469873097868,0.332038626839255,0.495,0.405,1,"Dpp8"
"Siah1a",0.00187488856793522,-0.402383129734574,0.5,0.558,1,"Siah1a"
"Cyp2d22",0.00188069399155874,0.504675312443536,0.281,0.209,1,"Cyp2d22"
"4931406C07Rik",0.00194967696534025,-0.313744633205822,0.659,0.683,1,"4931406C07Rik"
"Wipi2",0.0020243706928086,-0.478052652918088,0.372,0.435,1,"Wipi2"
"Ptar1",0.00208316543361534,0.337056878463779,0.378,0.287,1,"Ptar1"
"Paqr9",0.00214477502670711,0.295749325883717,0.279,0.195,1,"Paqr9"
"Rmnd5a",0.00216910031522077,0.297291344093827,0.466,0.369,1,"Rmnd5a"
"G3bp2",0.00222544706459502,-0.578999899621223,0.448,0.48,1,"G3bp2"
"Pcyt1a",0.00222759962976769,0.427432156880816,0.365,0.279,1,"Pcyt1a"
"Atg16l1",0.00224770794933126,0.27471001904515,0.539,0.433,1,"Atg16l1"
"Max",0.00227805885528683,0.450470782730443,0.266,0.196,1,"Max"
"Cdip1",0.00227953752483612,-0.275385605532,0.727,0.754,1,"Cdip1"
"Pitpna",0.00234042624816539,-0.527180027850536,0.294,0.357,1,"Pitpna"
"Nfix",0.00237260510012818,0.31905533654991,0.539,0.447,1,"Nfix"
"Rcor1",0.00237531112727785,-0.422153003825646,0.495,0.537,1,"Rcor1"
"Ifngr1",0.00244125420100395,0.391190282770815,0.294,0.218,1,"Ifngr1"
"Ivd",0.00244981491272625,0.420214659144593,0.352,0.27,1,"Ivd"
"Rpl36",0.00249755778615941,0.498949530174415,0.31,0.236,1,"Rpl36"
"Sprtn",0.00255469666074422,-0.695322245313975,0.208,0.268,1,"Sprtn"
"Amn1",0.00259676553617664,0.258024169783901,0.492,0.402,1,"Amn1"
"Acad11",0.00259732054190552,-0.266654554327758,0.76,0.78,1,"Acad11"
"Glcci1",0.00265414314265943,0.268671140919928,0.484,0.388,1,"Glcci1"
"Tecpr1",0.00277025176833111,-0.306799850308156,0.529,0.568,1,"Tecpr1"
"Rab9",0.00280956048354361,-0.603466992856527,0.201,0.268,1,"Rab9"
"Agtpbp1",0.00283415146636644,0.381149719008143,0.362,0.28,1,"Agtpbp1"
"Ppp1r10",0.00283498877441741,-0.402290757580411,0.388,0.457,1,"Ppp1r10"
"Fbxo38",0.00283891567872532,0.299009064999175,0.328,0.247,1,"Fbxo38"
"Gnb1",0.00286975446435361,-0.369738538661251,0.513,0.555,1,"Gnb1"
"Setx",0.0028834051930399,0.348254643498267,0.417,0.342,1,"Setx"
"Ctsb",0.00289321039192621,0.326634694035139,0.529,0.428,1,"Ctsb"
"Adora1",0.00295566956795873,0.389605514953295,0.281,0.208,1,"Adora1"
"Nfatc3",0.00296029845272814,0.282589450044079,0.586,0.485,1,"Nfatc3"
"Zcchc2",0.00296124415971206,0.25937117136756,0.445,0.352,1,"Zcchc2"
"Chchd2",0.0029947835255767,-0.384975653920867,0.352,0.421,1,"Chchd2"
"Mef2d",0.0030257646875849,-0.274982578332487,0.693,0.703,1,"Mef2d"
"Pkd2l2",0.00303652886118433,0.286696646291015,0.362,0.28,1,"Pkd2l2"
"Lgals12",0.00304527797333529,0.419779959643314,0.336,0.254,1,"Lgals12"
"Sin3a",0.00305283492631326,0.356282746362164,0.328,0.246,1,"Sin3a"
"Dcun1d4",0.00305452879845053,0.260592378575483,0.286,0.205,1,"Dcun1d4"
"Apoe",0.00307221668692196,-0.53935111017987,0.271,0.328,1,"Apoe"
"1810034E14Rik",0.00310217625534812,0.440246546490618,0.26,0.191,1,"1810034E14Rik"
"Ddx3x",0.00328740727186375,-0.408573551128212,0.417,0.476,1,"Ddx3x"
"Rnf11",0.00334726318257325,-0.516989095236376,0.286,0.346,1,"Rnf11"
"Spred2",0.00336537490989203,0.251304679839815,0.44,0.344,1,"Spred2"
"Pan2",0.00354610474121304,0.265357045726107,0.292,0.212,1,"Pan2"
"Grina",0.00358297949088528,-0.278976555996116,0.628,0.667,1,"Grina"
"Tasor2",0.00364224018608908,0.340820499413263,0.393,0.307,1,"Tasor2"
"Prcc",0.0037045952739548,0.406070548298246,0.289,0.216,1,"Prcc"
"Atf7",0.00374892067467738,0.250710268383352,0.753,0.666,1,"Atf7"
"Senp1",0.00376200719873759,0.414700742087845,0.284,0.211,1,"Senp1"
"Slc22a15",0.00376349160616124,-0.509457762157003,0.307,0.369,1,"Slc22a15"
"Ldlrad3",0.00380732691855498,0.280325327620544,0.32,0.24,1,"Ldlrad3"
"Kdm3b",0.00382849929790994,0.28813116980942,0.474,0.377,1,"Kdm3b"
"Mat2a",0.00383884215388156,0.259440913237224,0.633,0.542,1,"Mat2a"
"Spast",0.00391671351178566,0.302857614537796,0.393,0.311,1,"Spast"
"Bcl2l13",0.00400963399755663,-0.274208221811755,0.62,0.649,1,"Bcl2l13"
"Gm16168",0.00403483415448714,-0.312670249091583,0.547,0.595,1,"Gm16168"
"Sec31a",0.00408170574048794,0.257045687921432,0.49,0.4,1,"Sec31a"
"Fnta",0.00412037004218202,0.376106475151674,0.276,0.205,1,"Fnta"
"Bcl2l1",0.0041241968095987,0.250711795447669,0.365,0.28,1,"Bcl2l1"
"Glud1",0.00413584358877277,0.333067219760114,0.289,0.214,1,"Glud1"
"2700097O09Rik",0.00414020352016558,-0.437537431643131,0.484,0.515,1,"2700097O09Rik"
"Kiz",0.00414384319066674,0.374681584624104,0.419,0.339,1,"Kiz"
"5330438D12Rik",0.00426048893975783,0.38069084532304,0.424,0.351,1,"5330438D12Rik"
"Maco1",0.00432309919894107,0.288972349610358,0.549,0.46,1,"Maco1"
"Hnrnpc",0.00433111844982888,-0.27508995862792,0.708,0.705,1,"Hnrnpc"
"Ppm1l",0.00435390732270171,0.349146924570186,0.466,0.382,1,"Ppm1l"
"Cept1",0.00436156535033461,0.294749527919276,0.469,0.383,1,"Cept1"
"Kdm6b",0.00461538175618811,-0.526729280404078,0.339,0.394,1,"Kdm6b"
"Ipo9",0.00467295851932329,0.34920655626398,0.253,0.184,1,"Ipo9"
"Foxo1",0.00469354017396259,-0.293363295041555,0.818,0.825,1,"Foxo1"
"Tsc1",0.00474253177232062,0.269249671544077,0.333,0.255,1,"Tsc1"
"Ahnak",0.00477148615869416,0.281884273718991,0.273,0.201,1,"Ahnak"
"Bfar",0.00477374659928804,-0.303816166470073,0.591,0.62,1,"Bfar"
"Swt1",0.00489409615062185,0.28808319331826,0.445,0.357,1,"Swt1"
"Usp6nl",0.00491589165471299,0.344538532840478,0.341,0.265,1,"Usp6nl"
"Uba5",0.00491969691863181,-0.452539760659229,0.268,0.334,1,"Uba5"
"Plce1",0.00496405419965116,-0.391962026545057,0.328,0.396,1,"Plce1"
"Ppp4r1",0.00497025784960424,0.318651952993989,0.349,0.273,1,"Ppp4r1"
"Serinc1",0.00500833738548922,-0.65510298580715,0.253,0.308,1,"Serinc1"
"Pdhx",0.00521778777583984,0.261206677564545,0.471,0.381,1,"Pdhx"
"Lman1",0.00522204113258469,0.263049475804496,0.289,0.21,1,"Lman1"
"Zfp318",0.0053289832518219,0.389429993476072,0.271,0.204,1,"Zfp318"
"Zfyve26",0.00538144985475612,0.276198685287912,0.339,0.259,1,"Zfyve26"
"Flywch1",0.00551144855033847,0.26899181581729,0.263,0.194,1,"Flywch1"
"Gopc",0.00562556736220367,0.400855653421779,0.276,0.21,1,"Gopc"
"Sesn1",0.00570212796288333,0.28317754965113,0.352,0.27,1,"Sesn1"
"Ust",0.00575190558907011,0.265567110056496,0.445,0.352,1,"Ust"
"Atg3",0.00579087889123523,0.256421051514643,0.44,0.349,1,"Atg3"
"H6pd",0.00587035483726875,0.54032849803416,0.305,0.24,1,"H6pd"
"Psmd1",0.00587379985642289,0.287342546160559,0.536,0.461,1,"Psmd1"
"Acvr1",0.00589258707320029,0.304894723601149,0.344,0.269,1,"Acvr1"
"2610020C07Rik",0.00594750585963183,0.261385662032315,0.315,0.238,1,"2610020C07Rik"
"Dennd1b",0.00594785961857147,0.281340322687518,0.479,0.388,1,"Dennd1b"
"Slc30a5",0.0060762278188372,0.271207542245446,0.315,0.238,1,"Slc30a5"
"Nmt1",0.0061525120502077,0.295715231284805,0.38,0.301,1,"Nmt1"
"Pla2g7",0.00634146368870964,-0.694834088078983,0.219,0.272,1,"Pla2g7"
"Hp1bp3",0.0063607093675076,0.256246952267141,0.44,0.351,1,"Hp1bp3"
"Xdh",0.00642519832171581,0.329909614544719,0.417,0.333,1,"Xdh"
"Cd274",0.00645522295947208,0.264141788815182,0.477,0.39,1,"Cd274"
"Chkb",0.0066056738095686,-0.297396586038665,0.591,0.62,1,"Chkb"
"Nfe2l1",0.00669957605618214,-0.429988496924512,0.318,0.367,1,"Nfe2l1"
"Atp9a",0.0067595394259868,-0.448591966743163,0.401,0.445,1,"Atp9a"
"Nudcd3",0.00679695018077112,0.330768189883159,0.464,0.391,1,"Nudcd3"
"Nucks1",0.00681155886426168,0.348390976528758,0.284,0.218,1,"Nucks1"
"Smyd3",0.00718609267448827,-0.395120872262301,0.516,0.549,1,"Smyd3"
"Trim67",0.00727150504459332,0.269274648341438,0.289,0.215,1,"Trim67"
"Kyat3",0.00740946104855248,-0.537514533527791,0.284,0.338,1,"Kyat3"
"Arglu1",0.00746089010832249,0.263269839113026,0.411,0.33,1,"Arglu1"
"Dpy19l4",0.00759644697245118,0.310629196759397,0.268,0.201,1,"Dpy19l4"
"Dnm2",0.0077609977008832,0.287389938688568,0.391,0.317,1,"Dnm2"
"Angel2",0.00794255200375081,0.287418896880959,0.268,0.2,1,"Angel2"
"Ttc23",0.00798715947675001,0.337857296379089,0.393,0.319,1,"Ttc23"
"Smchd1",0.00803178690064325,0.26026266223153,0.443,0.358,1,"Smchd1"
"Fnip2",0.00811063196252622,0.306311304453969,0.31,0.235,1,"Fnip2"
"Phka2",0.00818571006027836,0.272752006324817,0.62,0.546,1,"Phka2"
"Yap1",0.00831363107546904,0.307333347200891,0.333,0.26,1,"Yap1"
"Rab7",0.00835367120772534,-0.395068606079157,0.362,0.411,1,"Rab7"
"Rbm27",0.00837732833901235,0.281478265386742,0.44,0.363,1,"Rbm27"
"Dnajc15",0.00842393574018353,-0.264420973094028,0.628,0.646,1,"Dnajc15"
"Klc1",0.008497826921556,0.337773092870332,0.302,0.228,1,"Klc1"
"Mrpl3",0.0085953327500605,0.328478039181375,0.268,0.201,1,"Mrpl3"
"Map3k20",0.00864629715448194,0.328628203593176,0.294,0.227,1,"Map3k20"
"Ybx1",0.00879465673099648,0.323897389329902,0.258,0.193,1,"Ybx1"
"Npc2",0.00923900629192227,0.328619216511213,0.255,0.19,1,"Npc2"
"Ing4",0.00935297120791329,0.25752411964236,0.352,0.269,1,"Ing4"
"Ireb2",0.00939583026588766,0.285780250910997,0.406,0.332,1,"Ireb2"
"Ago2",0.00943452873256846,0.257327427523293,0.424,0.34,1,"Ago2"
"Ptpn14",0.00945022759992501,0.291818854927639,0.414,0.336,1,"Ptpn14"
"March8",0.00971536113725439,0.452511055263433,0.286,0.226,1,"March8"
"Mfsd11",0.00985066050481497,0.409969074685694,0.26,0.2,1,"Mfsd11"
"Rab24",0.0102863943431513,0.279091640197229,0.25,0.188,1,"Rab24"
"Adamts12",0.0105236138417209,0.424096455364612,0.258,0.198,1,"Adamts12"
"Hdhd2",0.0112464710483691,0.347353706171138,0.284,0.219,1,"Hdhd2"
"Ell",0.0113835799361669,0.264804981889116,0.419,0.35,1,"Ell"
"5031439G07Rik",0.0115901272662987,-0.471675620033045,0.286,0.34,1,"5031439G07Rik"
"Hspa9",0.0120003847324202,-0.299300274384492,0.568,0.592,1,"Hspa9"
"Pnn",0.0120875308807391,0.277412360190255,0.378,0.304,1,"Pnn"
"Pdlim5",0.0122802847978185,-0.264548925426034,0.547,0.588,1,"Pdlim5"
"Rhoa",0.0125019221208544,-0.392157713892673,0.331,0.379,1,"Rhoa"
"Lclat1",0.0126827981061343,-0.460809423075728,0.391,0.442,1,"Lclat1"
"Map3k1",0.0127870486156776,0.276776090950116,0.359,0.287,1,"Map3k1"
"Etnk1",0.0128495939986909,-0.393045246852927,0.404,0.436,1,"Etnk1"
"C2cd3",0.0129234168495589,-0.521871589693083,0.221,0.273,1,"C2cd3"
"Ergic2",0.0133095266927974,0.284521336626484,0.375,0.307,1,"Ergic2"
"Ube2r2",0.0134422732819088,0.266544807215877,0.51,0.451,1,"Ube2r2"
"Acp5",0.0134685259278436,0.323132331532785,0.286,0.221,1,"Acp5"
"Mob3b",0.0135207571204283,-0.598838741290832,0.25,0.3,1,"Mob3b"
"1700109K24Rik",0.0135454407995109,0.252111160413824,0.276,0.21,1,"1700109K24Rik"
"Srsf3",0.0136225512675175,-0.336006287046364,0.44,0.487,1,"Srsf3"
"Ccdc69",0.0136989366031466,0.286292797462862,0.461,0.386,1,"Ccdc69"
"Bsg",0.0137387134512136,-0.527658106311597,0.232,0.28,1,"Bsg"
"Nrf1",0.0138580681624302,-0.38149119230057,0.438,0.477,1,"Nrf1"
"Magi1",0.0139098099913556,0.276997532310826,0.299,0.234,1,"Magi1"
"Ccnt1",0.0140015847069489,-0.377641956943745,0.492,0.519,1,"Ccnt1"
"Sirt3",0.0144340187036741,0.264932432633526,0.513,0.432,1,"Sirt3"
"Commd1",0.0145744215350587,0.279448458297307,0.328,0.261,1,"Commd1"
"Arid4a",0.014759982771474,0.334025690586883,0.346,0.278,1,"Arid4a"
"Rab11fip2",0.014768455221644,0.291934749757345,0.422,0.349,1,"Rab11fip2"
"Rab1a",0.014967939728528,-0.347467553727128,0.432,0.46,1,"Rab1a"
"Fastk",0.0151187124370772,0.261559428063016,0.396,0.327,1,"Fastk"
"Fer",0.0152144320900223,0.252480920881627,0.505,0.423,1,"Fer"
"Cbx4",0.015470057643761,-0.650726564493535,0.318,0.347,1,"Cbx4"
"Mtmr2",0.0156753136630698,0.293652289592142,0.255,0.192,1,"Mtmr2"
"Cpeb4",0.0158811343176805,-0.255724127009042,0.633,0.623,1,"Cpeb4"
"Ltn1",0.0161325924449734,0.328033763767711,0.299,0.235,1,"Ltn1"
"Cmtm4",0.0161948077039575,-0.421020420468776,0.344,0.39,1,"Cmtm4"
"Plscr4",0.0164929980742849,0.332056110254658,0.299,0.24,1,"Plscr4"
"Polb",0.016538334011845,-0.373224966861003,0.255,0.308,1,"Polb"
"Trmt61b",0.016811310341129,-0.593584797405411,0.216,0.266,1,"Trmt61b"
"Galnt7",0.0168427000164405,0.270395059533569,0.328,0.264,1,"Galnt7"
"Ppm1b",0.0168594492342149,-0.250848257009537,0.669,0.701,1,"Ppm1b"
"Hnrnpul1",0.0170866818911803,0.284104102620289,0.336,0.273,1,"Hnrnpul1"
"Cxadr",0.017502110641422,0.318191761993242,0.396,0.336,1,"Cxadr"
"Tnfaip8",0.0175608254917652,0.257138154195088,0.5,0.429,1,"Tnfaip8"
"Lrrc39",0.0176573352728861,0.339879809977227,0.268,0.208,1,"Lrrc39"
"Kdm5b",0.0178518110977571,0.32477443326406,0.398,0.339,1,"Kdm5b"
"Ube3b",0.0179025747293948,0.253610864715267,0.292,0.229,1,"Ube3b"
"Eprs",0.0179891192364033,-0.420228387666735,0.417,0.445,1,"Eprs"
"Brd3",0.0180191579881558,0.290344521733766,0.448,0.381,1,"Brd3"
"Pdcd4",0.0181980973139505,0.274684874161892,0.398,0.334,1,"Pdcd4"
"Map4k4",0.018474360291713,-0.322587302337552,0.521,0.542,1,"Map4k4"
"Lmf1",0.0185954130134615,0.305304192708087,0.286,0.225,1,"Lmf1"
"Tpk1",0.0187540079646772,-0.441990518061987,0.315,0.356,1,"Tpk1"
"Me3",0.0188184952193033,0.263306535588031,0.484,0.408,1,"Me3"
"Ddx3y",0.0195478966461568,-0.304060656477322,0.56,0.583,1,"Ddx3y"
"Atraid",0.0196834775919423,0.370134044866679,0.263,0.202,1,"Atraid"
"Camta1",0.0207751240782804,-0.379271293747722,0.393,0.428,1,"Camta1"
"Pdgfd",0.0208467817549167,-0.313141927098464,0.406,0.455,1,"Pdgfd"
"Ppp2ca",0.0208577496290661,-0.328932086234021,0.49,0.513,1,"Ppp2ca"
"Cat",0.0209683807443223,-0.31823722251238,0.523,0.552,1,"Cat"
"Fam57b",0.0217442783853682,0.427296203909044,0.279,0.223,1,"Fam57b"
"Acad10",0.0218547558373478,0.253469814550892,0.411,0.343,1,"Acad10"
"Acer2",0.0224755568219537,-0.481336235406179,0.219,0.268,1,"Acer2"
"Blcap",0.0226179758702707,-0.403804600934106,0.221,0.274,1,"Blcap"
"Gm47283",0.0227923728182621,-0.332464126396863,0.518,0.531,1,"Gm47283"
"Adrb1",0.0228287693742104,-0.484003085221847,0.289,0.329,1,"Adrb1"
"Afap1",0.0228959388036723,-0.391106854347754,0.419,0.443,1,"Afap1"
"Slc39a14",0.0229597319713568,-0.390170738204144,0.219,0.272,1,"Slc39a14"
"Fth1",0.0231467511088529,-0.312347096230888,0.216,0.272,1,"Fth1"
"Tanc1",0.0231587444299799,0.30968203850019,0.25,0.196,1,"Tanc1"
"4931406P16Rik",0.0233336508059862,-0.318632467135948,0.539,0.556,1,"4931406P16Rik"
"Cdc42",0.0233899436136757,-0.261355609673144,0.526,0.545,1,"Cdc42"
"Mgat5",0.0236145708655834,-0.331970303372628,0.318,0.37,1,"Mgat5"
"Eif4g2",0.0246201977689099,-0.251282152339023,0.56,0.579,1,"Eif4g2"
"AC149090.1",0.0252511319840891,-0.352160984458472,0.273,0.322,1,"AC149090.1"
"F11r",0.0253368402516286,-0.434361103250956,0.279,0.322,1,"F11r"
"Tmcc3",0.0257961365003174,-0.328733044218764,0.383,0.424,1,"Tmcc3"
"Ndufb9",0.0262562442728567,-0.479967573061256,0.289,0.33,1,"Ndufb9"
"Zfp397",0.0270521937844387,0.32978905928872,0.276,0.222,1,"Zfp397"
"Lekr1",0.0273419394336087,-0.514106375697431,0.294,0.337,1,"Lekr1"
"Pspc1",0.0273847938457672,-0.29579154551485,0.383,0.42,1,"Pspc1"
"Gatad2a",0.0276500736102506,0.264197167077606,0.315,0.255,1,"Gatad2a"
"Mbtps1",0.0277413379706314,0.293444669798565,0.315,0.256,1,"Mbtps1"
"Caap1",0.0279498485857371,0.293848666364871,0.346,0.287,1,"Caap1"
"Tra2b",0.0281361059108577,-0.262788021323442,0.529,0.56,1,"Tra2b"
"2210408I21Rik",0.0282145423027878,-0.335712976961311,0.326,0.377,1,"2210408I21Rik"
"Dnajc19",0.0285300801969425,0.326891345851168,0.266,0.209,1,"Dnajc19"
"Snta1",0.0286808209951157,0.274245356258864,0.271,0.214,1,"Snta1"
"Arl4a",0.0287182111276394,-0.381410505673978,0.401,0.435,1,"Arl4a"
"Tmx4",0.0290483196677515,0.299415859928824,0.341,0.279,1,"Tmx4"
"Jmy",0.0293157672649989,-0.422956839734464,0.266,0.307,1,"Jmy"
"Mtrex",0.0298048263997474,0.267269496770147,0.266,0.213,1,"Mtrex"
"Csnk2a2",0.029875240476004,0.374390383007156,0.289,0.235,1,"Csnk2a2"
"Mapk1",0.0299914017528169,-0.298743856855799,0.456,0.481,1,"Mapk1"
"Srek1ip1",0.0300869822428384,0.33615346160909,0.263,0.214,1,"Srek1ip1"
"Ube2d2a",0.0302069235263008,-0.282424122362495,0.529,0.566,1,"Ube2d2a"
"Gm35188",0.0305769772144494,0.264266495100275,0.474,0.408,1,"Gm35188"
"Prpf6",0.0305806808323456,-0.342196985312962,0.438,0.461,1,"Prpf6"
"Slc25a4",0.0312819920096674,0.268557691493335,0.352,0.283,1,"Slc25a4"
"Pgd",0.0320081204230713,0.332929323925566,0.26,0.208,1,"Pgd"
"Shb",0.0320687777645678,-0.322971034055997,0.518,0.523,1,"Shb"
"Fbxw4",0.0322482100586072,0.25082687694329,0.495,0.433,1,"Fbxw4"
"Baz1a",0.0325305348179851,-0.294684749273031,0.5,0.515,1,"Baz1a"
"Shroom4",0.033076397068622,-0.38241622481348,0.328,0.368,1,"Shroom4"
"Rps6kc1",0.0330831467837942,0.274819124088424,0.284,0.231,1,"Rps6kc1"
"Eif3a",0.033204839245451,-0.291105896451366,0.508,0.522,1,"Eif3a"
"Ppp6c",0.0338915924598022,-0.344027073789673,0.453,0.471,1,"Ppp6c"
"Zmat1",0.0342837124796479,-0.419733033324366,0.26,0.302,1,"Zmat1"
"Slc16a7",0.0344261980574157,-0.2700383813387,0.234,0.287,1,"Slc16a7"
"Polr2a",0.0348644113644939,-0.514811714210972,0.328,0.357,1,"Polr2a"
"Prkca",0.0359317550297865,0.30862827587819,0.37,0.314,1,"Prkca"
"Igf1r",0.0363517113995099,0.25359304592983,0.31,0.255,1,"Igf1r"
"Aqr",0.036473042876016,0.309721870928036,0.258,0.207,1,"Aqr"
"Pde7a",0.0372341721764822,0.351119726818897,0.299,0.246,1,"Pde7a"
"Tfdp2",0.0373500918364723,0.289126348061192,0.286,0.235,1,"Tfdp2"
"4732440D04Rik",0.0379085099656639,0.397498817830392,0.302,0.249,1,"4732440D04Rik"
"Smad3",0.0383682746851983,-0.447537229262352,0.286,0.323,1,"Smad3"
"Angpt1",0.0388917982367933,-0.469244225060475,0.359,0.392,1,"Angpt1"
"Pcmtd2",0.0398843509486835,0.271301099850946,0.362,0.304,1,"Pcmtd2"
"Prdx6",0.0405733773463048,-0.423840021780227,0.271,0.314,1,"Prdx6"
"Qser1",0.04118294170262,0.250978408637965,0.289,0.233,1,"Qser1"
"Ints6",0.0412746232477841,0.266835279050021,0.547,0.513,1,"Ints6"
"Rnf146",0.0427668103265055,0.277349226269557,0.315,0.262,1,"Rnf146"
"Pds5b",0.0449224438083238,0.29331051498694,0.466,0.411,1,"Pds5b"
"Taf4b",0.0461149698955506,0.26602679527485,0.284,0.233,1,"Taf4b"
"Pex5",0.0466895237606628,-0.296233092129887,0.492,0.508,1,"Pex5"
"Atxn2l",0.0472387251450397,0.296487345387667,0.258,0.21,1,"Atxn2l"
"Slc16a2",0.0472696104721276,0.283841867866896,0.365,0.307,1,"Slc16a2"
"Smarca5",0.0476959162106797,-0.264565942842297,0.354,0.396,1,"Smarca5"
"Hacl1",0.0499623431752813,-0.560179169534396,0.318,0.346,1,"Hacl1"
"Copb1",0.0499985822658872,-0.370532672127352,0.393,0.413,1,"Copb1"
"Bnc2",0.0505080675106974,-0.3905540916157,0.292,0.331,1,"Bnc2"
"Fam222b",0.0505857270146463,-0.272616866829584,0.461,0.492,1,"Fam222b"
"Ddx50",0.0516513745439483,-0.260658734089689,0.464,0.485,1,"Ddx50"
"Cycs",0.0525000297079516,-0.425215523037194,0.297,0.323,1,"Cycs"
"Wdr45b",0.0539518075987143,-0.425737735680097,0.216,0.252,1,"Wdr45b"
"Lima1",0.054802853943846,0.372637722972029,0.289,0.243,1,"Lima1"
"Zcchc4",0.0548802327035036,0.286893971807265,0.294,0.248,1,"Zcchc4"
"Dram2",0.0549770196199022,-0.253770170294366,0.398,0.428,1,"Dram2"
"Crls1",0.0553685041379848,0.262151320778223,0.438,0.384,1,"Crls1"
"Rheb",0.0558620840379029,-0.381042145794534,0.367,0.39,1,"Rheb"
"Hnrnpl",0.0567280743829828,-0.252630144302939,0.466,0.487,1,"Hnrnpl"
"Irs1",0.0569495863042029,-0.322051661921844,0.669,0.656,1,"Irs1"
"Mat2b",0.057568220376186,0.336434929168313,0.281,0.237,1,"Mat2b"
"Rab2a",0.0606815875595316,-0.25527776454035,0.471,0.497,1,"Rab2a"
"Trappc6b",0.0625383497864822,-0.364000684015278,0.227,0.263,1,"Trappc6b"
"Focad",0.0645669018516666,-0.263141906523113,0.516,0.528,1,"Focad"
"Atp5md",0.0651781021952168,-0.393083725148974,0.247,0.28,1,"Atp5md"
"Lmo7",0.0659123033216437,-0.313001252295158,0.281,0.316,1,"Lmo7"
"Camta2",0.0682266064346579,-0.324263811716465,0.315,0.353,1,"Camta2"
"Pbx3",0.0684298761655751,0.271118392519605,0.258,0.211,1,"Pbx3"
"Rragc",0.0696579721299338,-0.365347676492478,0.286,0.318,1,"Rragc"
"St13",0.0707891485609679,-0.306337704315253,0.359,0.393,1,"St13"
"Clic4",0.0710173487912579,-0.269744676304358,0.385,0.411,1,"Clic4"
"Gm48742",0.0717722137628938,0.273392628435044,0.271,0.223,1,"Gm48742"
"Dock7",0.0718657280919701,-0.355097217018133,0.305,0.338,1,"Dock7"
"Bag3",0.0727606658069897,-0.482657519016958,0.273,0.303,1,"Bag3"
"Letm1",0.0752261833753801,0.272101187012643,0.404,0.349,1,"Letm1"
"Sun1",0.0760816974655647,0.330474025681086,0.258,0.21,1,"Sun1"
"Smarca2",0.0769766627419146,-0.30478678106711,0.346,0.376,1,"Smarca2"
"Pabpc4",0.0782185106802208,-0.330144601543121,0.411,0.434,1,"Pabpc4"
"Hmox2",0.0799990070431598,-0.344797076999457,0.263,0.298,1,"Hmox2"
"Carnmt1",0.0800608567316735,0.268033011774367,0.326,0.281,1,"Carnmt1"
"Zscan26",0.0872272690288301,-0.30728066645775,0.326,0.352,1,"Zscan26"
"Pex6",0.0875013889966391,-0.259415832495565,0.354,0.383,1,"Pex6"
"Tet2",0.0891991878325526,-0.305438301230153,0.411,0.434,1,"Tet2"
"Sema4b",0.0900462784638403,-0.282444410124305,0.339,0.376,1,"Sema4b"
"Hnrnpk",0.091052777805766,-0.311384310543888,0.375,0.394,1,"Hnrnpk"
"Col4a2",0.0911786964824663,-0.306568326771093,0.427,0.45,1,"Col4a2"
"Cnot3",0.091638986656308,0.276397702707055,0.31,0.265,1,"Cnot3"
"Ptges3",0.0946042451536624,-0.290277616080184,0.247,0.285,1,"Ptges3"
"Gm16759",0.0950830291717877,-0.423150456546766,0.271,0.296,1,"Gm16759"
"Palld",0.0987049105077969,-0.28878682609605,0.297,0.327,1,"Palld"
"Lctl",0.099972305943005,-0.418489133284454,0.276,0.301,1,"Lctl"
"Gm46124",0.10109661016569,-0.307934396201005,0.26,0.296,1,"Gm46124"
"Sqstm1",0.110203403491275,-0.351738223050066,0.263,0.289,1,"Sqstm1"
"Plekhm2",0.112592143426353,-0.469363935900434,0.271,0.293,1,"Plekhm2"
"Sptan1",0.112626252178631,-0.275614819247386,0.461,0.481,1,"Sptan1"
"Acbd4",0.112860606368008,-0.391894972265789,0.302,0.318,1,"Acbd4"
"Ccdc191",0.11517525817205,-0.287981945166672,0.336,0.365,1,"Ccdc191"
"Dpm1",0.115223663731768,-0.320127760657771,0.31,0.338,1,"Dpm1"
"Rad54l2",0.116139281414348,-0.284157975359416,0.432,0.45,1,"Rad54l2"
"Rabgef1",0.117721014282647,-0.282038486753138,0.388,0.406,1,"Rabgef1"
"Tnnc2",0.118557002211349,-0.310998928796799,0.305,0.334,1,"Tnnc2"
"Mapk1ip1l",0.118732881743614,-0.300081680257778,0.263,0.287,1,"Mapk1ip1l"
"Gm30173",0.119602903435429,-0.420992150359326,0.305,0.324,1,"Gm30173"
"Bcl9l",0.124286394126615,-0.2934263575209,0.273,0.302,1,"Bcl9l"
"Ywhaz",0.125152299497382,-0.34844617234612,0.273,0.299,1,"Ywhaz"
"Map4",0.127677208842645,-0.341260185436971,0.234,0.264,1,"Map4"
"Mgmt",0.127720934671642,-0.254494023306158,0.44,0.452,1,"Mgmt"
"Lipa",0.130057069992278,-0.367000023345591,0.362,0.372,1,"Lipa"
"Dnajb4",0.133831518912778,-0.327189747362386,0.242,0.268,1,"Dnajb4"
"Rab3gap2",0.134643266400866,-0.348891007518876,0.268,0.29,1,"Rab3gap2"
"Bnip3l",0.135808412149884,-0.417095241145594,0.24,0.262,1,"Bnip3l"
"Prpf18",0.136289764623823,0.256346780754749,0.279,0.237,1,"Prpf18"
"Ech1",0.14050972198256,-0.285484355193184,0.323,0.344,1,"Ech1"
"Hspd1",0.140607030750366,-0.348950173033242,0.328,0.339,1,"Hspd1"
"Xpo1",0.142904115575113,-0.314769994791912,0.245,0.274,1,"Xpo1"
"Tmem11",0.147480365253687,-0.342772013591408,0.245,0.269,1,"Tmem11"
"Cep170",0.147764844872401,-0.276533142296738,0.378,0.398,1,"Cep170"
"Atp6v1b2",0.150132686779344,-0.364199530089395,0.357,0.364,1,"Atp6v1b2"
"Ubqln4",0.150199753839945,-0.329392474689225,0.326,0.343,1,"Ubqln4"
"Prkar1a",0.150450384526033,-0.381692815532718,0.279,0.301,1,"Prkar1a"
"Lmna",0.15514396039948,-0.333030114212211,0.237,0.263,1,"Lmna"
"Macrod2",0.157771450527342,-0.360802021734091,0.391,0.413,1,"Macrod2"
"Rnf24",0.158206969817877,-0.308230582237911,0.458,0.472,1,"Rnf24"
"Bag4",0.159243691007276,-0.339699257278423,0.242,0.267,1,"Bag4"
"Ppp2r2d",0.159594198419447,-0.262486252951378,0.417,0.429,1,"Ppp2r2d"
"Ubtf",0.163444347031986,-0.335808883127484,0.263,0.285,1,"Ubtf"
"Pclo",0.165626811703418,0.250678326044641,0.255,0.224,1,"Pclo"
"Ndfip1",0.167766188069094,-0.309054881123834,0.289,0.316,1,"Ndfip1"
"F3",0.183971728823704,-0.410341671868571,0.302,0.328,1,"F3"
"Prelp",0.18870093640561,-0.452512608030362,0.253,0.271,1,"Prelp"
"Ccni",0.190756215898847,-0.352583491456136,0.284,0.302,1,"Ccni"
"Pcmt1",0.194771609076871,0.278786391178957,0.273,0.243,1,"Pcmt1"
"Eml4",0.197888987694135,-0.291840835179581,0.273,0.295,1,"Eml4"
"Ndufb8",0.202190523014453,-0.287492124305136,0.315,0.331,1,"Ndufb8"
"Impact",0.203385207659833,-0.308980857730564,0.326,0.343,1,"Impact"
"Supt6",0.208713580940407,-0.288122249020944,0.333,0.347,1,"Supt6"
"Uap1",0.211280528214647,-0.405521457266527,0.242,0.258,1,"Uap1"
"Iqgap1",0.211690598118589,-0.265722124531337,0.318,0.336,1,"Iqgap1"
"Sidt2",0.213960427447402,-0.339522139707606,0.234,0.256,1,"Sidt2"
"Brd2",0.230726442495319,-0.301136184149594,0.258,0.274,1,"Brd2"
"Zfp740",0.23242032746372,-0.355519227482203,0.237,0.255,1,"Zfp740"
"Sat1",0.235317855114826,-0.323215072924357,0.294,0.313,1,"Sat1"
"Ski",0.24138717747907,-0.307925159832803,0.365,0.371,1,"Ski"
"Atp5e",0.250882240028995,-0.273364689560683,0.289,0.309,1,"Atp5e"
"Dhrs7b",0.259152980749521,-0.330421931651464,0.263,0.283,1,"Dhrs7b"
"Atp5k",0.261367169125934,-0.266333400456794,0.331,0.345,1,"Atp5k"
"Naa50",0.267218750386233,-0.307856947712414,0.294,0.309,1,"Naa50"
"Grb14",0.270085419357071,-0.328996891619376,0.411,0.417,1,"Grb14"
"Galnt18",0.270671095847107,-0.265922258772513,0.326,0.328,1,"Galnt18"
"Tpt1",0.279117086280379,-0.252762299925609,0.276,0.293,1,"Tpt1"
"Lmtk2",0.279166269829686,-0.280380822867808,0.471,0.466,1,"Lmtk2"
"Stam",0.281406677830326,-0.281080494105622,0.289,0.306,1,"Stam"
"Fitm2",0.285642082619586,-0.298401111586022,0.305,0.313,1,"Fitm2"
"Ufd1",0.289941770290078,-0.255958850885762,0.344,0.351,1,"Ufd1"
"Fam204a",0.290249294887896,-0.274140916842362,0.268,0.285,1,"Fam204a"
"Cdc14a",0.29357870504562,-0.330477334345066,0.242,0.256,1,"Cdc14a"
"Tns2",0.294414907699143,-0.32750556949037,0.253,0.267,1,"Tns2"
"Rbks",0.295530330130892,-0.264659510715148,0.344,0.356,1,"Rbks"
"Hmgb1",0.305323541353943,-0.277718280904034,0.273,0.289,1,"Hmgb1"
"Sppl2a",0.33448137518725,-0.303069880504017,0.372,0.373,1,"Sppl2a"
"Fam168b",0.395427379923103,-0.314136723196183,0.315,0.312,1,"Fam168b"
"Stat3",0.405844966611218,-0.255906792654163,0.339,0.339,1,"Stat3"
"Cyb5a",0.406269142326425,-0.36436157323633,0.255,0.26,1,"Cyb5a"
"Ankrd52",0.40929871540152,-0.330044422812429,0.263,0.268,1,"Ankrd52"
"Zfp266",0.430386705061164,-0.296302403611288,0.26,0.268,1,"Zfp266"
"Snx3",0.461362363374209,-0.306074039545237,0.297,0.3,1,"Snx3"
"Txn2",0.478667507137093,-0.273113228388047,0.302,0.306,1,"Txn2"
"Met",0.480681273928838,-0.363670533017991,0.31,0.302,1,"Met"
"Fcgrt",0.486794565758761,-0.290938527288078,0.349,0.343,1,"Fcgrt"
"Tnnt3",0.494492497077962,-0.262394664935338,0.331,0.333,1,"Tnnt3"
"Dmd",0.550308557318871,-0.260469641759744,0.362,0.36,1,"Dmd"
"Dcun1d5",0.569734529918148,-0.310321889778903,0.302,0.295,1,"Dcun1d5"
"Peli2",0.570201884078143,-0.291926517747631,0.297,0.294,1,"Peli2"
"Zfyve16",0.646600713376976,-0.258624481192589,0.344,0.33,1,"Zfyve16"
"Cnot7",0.827597459572629,-0.260057496029142,0.281,0.268,1,"Cnot7"
